"ID"	"POSITION"	"LENGTH"	"SCORE"	"ABS_SCORE"	"SEQUENCE"	"SUB_SCORE"
"1"	"81"	"16"	"0.875"	"0.875"	"ATAACTGGGGTTTTCT"	"1.5,1.5,1.5,1.5,1.5,1.5,1.5"
"2"	"221"	"13"	"-1.5384615659713745"	"1.5384615659713745"	"CCATTTACCCCGC"	"-1.6,-1.8,-1.5,-1.6"
"3"	"234"	"16"	"-1.0"	"1.0"	"GGATTCCCCCCTGGAT"	"-1.6,-2.2,-2.4,-2.2,-2.0,-2.0,-1.6"
"4"	"302"	"11"	"-1.3636363744735718"	"1.3636363744735718"	"GCCCGAACCCA"	"-1.5,-1.7"
"5"	"381"	"16"	"-0.9375"	"0.9375"	"TGATTTCCCCCAAAGG"	"-1.5,-1.9,-2.0,-2.0,-2.0,-1.8,-1.6"
"6"	"505"	"11"	"1.3636363744735718"	"1.3636363744735718"	"CGGGTGGGATT"	"1.5,1.8"
"7"	"1383"	"13"	"1.384615421295166"	"1.384615421295166"	"CTGGTTTGGGGCT"	"1.5,2.0,1.9,1.7"
"8"	"1719"	"10"	"-1.5"	"1.5"	"ACCGCCGCCC"	"-1.5"
"9"	"2036"	"19"	"1.6315789222717285"	"1.6315789222717285"	"GTTTTTGGGGAGGGGTCGC"	"1.7,1.6,2.0,2.4,2.8,3.2,3.2,2.7,2.4,1.8"
